NODE_1882_length_869_cov_3.196765	663331	strain	Trichophyton benhamiae CBS 112371	1	1	1	1.000	Fungi;Ascomycota;Arthrodermataceae	-_cellular organisms;d_Eukaryota;-_Opisthokonta;k_Fungi;-_Dikarya;p_Ascomycota;-_saccharomyceta;-_Pezizomycotina;-_leotiomyceta;c_Eurotiomycetes;-_Eurotiomycetidae;o_Onygenales;f_Arthrodermataceae;g_Trichophyton;s_Trichophyton benhamiae;-_Trichophyton benhamiae CBS 112371
NODE_1949_length_841_cov_1.726891	1266744	species	Talaromyces purpureogenus	1	1	1	1.000	Fungi;Ascomycota;Trichocomaceae	-_cellular organisms;d_Eukaryota;-_Opisthokonta;k_Fungi;-_Dikarya;p_Ascomycota;-_saccharomyceta;-_Pezizomycotina;-_leotiomyceta;c_Eurotiomycetes;-_Eurotiomycetidae;o_Eurotiales;f_Trichocomaceae;g_Talaromyces;-_Talaromyces sect. Talaromyces;s_Talaromyces purpureogenus
NODE_1981_length_824_cov_0.608321	559292	strain	Saccharomyces cerevisiae S288C	2	2	2	1.000	Fungi;Ascomycota;Saccharomycetaceae	-_cellular organisms;d_Eukaryota;-_Opisthokonta;k_Fungi;-_Dikarya;p_Ascomycota;-_saccharomyceta;-_Saccharomycotina;c_Saccharomycetes;o_Saccharomycetales;f_Saccharomycetaceae;g_Saccharomyces;s_Saccharomyces cerevisiae;-_Saccharomyces cerevisiae S288C
NODE_2005_length_816_cov_1.227866	655819	strain	Beauveria bassiana ARSEF 2860	1	1	1	1.000	Fungi;Ascomycota;Cordycipitaceae	-_cellular organisms;d_Eukaryota;-_Opisthokonta;k_Fungi;-_Dikarya;p_Ascomycota;-_saccharomyceta;-_Pezizomycotina;-_leotiomyceta;-_sordariomyceta;c_Sordariomycetes;-_Hypocreomycetidae;o_Hypocreales;f_Cordycipitaceae;g_Beauveria;s_Beauveria bassiana;-_Beauveria bassiana ARSEF 2860
NODE_2338_length_703_cov_0.631944	817	species	Bacteroides fragilis	1	1	1	1.000	unknown;Bacteroidetes;Bacteroidaceae	-_cellular organisms;d_Bacteria;-_FCB group;-_Bacteroidetes/Chlorobi group;p_Bacteroidetes;c_Bacteroidia;o_Bacteroidales;f_Bacteroidaceae;g_Bacteroides;s_Bacteroides fragilis
NODE_2355_length_697_cov_2.166667	5052	genus	Aspergillus	1	1	1	1.000	Fungi;Ascomycota;Aspergillaceae	-_cellular organisms;d_Eukaryota;-_Opisthokonta;k_Fungi;-_Dikarya;p_Ascomycota;-_saccharomyceta;-_Pezizomycotina;-_leotiomyceta;c_Eurotiomycetes;-_Eurotiomycetidae;o_Eurotiales;f_Aspergillaceae;g_Aspergillus
NODE_2865_length_574_cov_1.807606	2	superkingdom	Bacteria	1	1	1	1.000	uc_Bacteria;uc_Bacteria;uc_Bacteria	-_cellular organisms;d_Bacteria
NODE_3003_length_549_cov_0.921801	367110	strain	Neurospora crassa OR74A	1	1	1	1.000	Fungi;Ascomycota;Sordariaceae	-_cellular organisms;d_Eukaryota;-_Opisthokonta;k_Fungi;-_Dikarya;p_Ascomycota;-_saccharomyceta;-_Pezizomycotina;-_leotiomyceta;-_sordariomyceta;c_Sordariomycetes;-_Sordariomycetidae;o_Sordariales;f_Sordariaceae;g_Neurospora;s_Neurospora crassa;-_Neurospora crassa OR74A
NODE_3030_length_545_cov_0.588517	131567	no rank	cellular organisms	1	1	1	1.000	unknown;unknown;unknown	-_cellular organisms
NODE_3056_length_540_cov_2.387409	716546	clade	leotiomyceta	1	1	1	1.000	Fungi;Ascomycota;unknown	-_cellular organisms;d_Eukaryota;-_Opisthokonta;k_Fungi;-_Dikarya;p_Ascomycota;-_saccharomyceta;-_Pezizomycotina;-_leotiomyceta
NODE_25_length_21174_cov_2.612249	2759	superkingdom	Eukaryota	1	1	1	1.000	uc_Eukaryota;uc_Eukaryota;uc_Eukaryota	-_cellular organisms;d_Eukaryota
NODE_26_length_20520_cov_2.975972	1131492	family	Aspergillaceae	16	15	8	0.580	Fungi;Ascomycota;Aspergillaceae	-_cellular organisms;d_Eukaryota;-_Opisthokonta;k_Fungi;-_Dikarya;p_Ascomycota;-_saccharomyceta;-_Pezizomycotina;-_leotiomyceta;c_Eurotiomycetes;-_Eurotiomycetidae;o_Eurotiales;f_Aspergillaceae
NODE_27_length_20030_cov_8.548058	716546	clade	leotiomyceta	17	17	17	1.000	Fungi;Ascomycota;unknown	-_cellular organisms;d_Eukaryota;-_Opisthokonta;k_Fungi;-_Dikarya;p_Ascomycota;-_saccharomyceta;-_Pezizomycotina;-_leotiomyceta
NODE_29_length_19045_cov_2.850988	131567	no rank	cellular organisms	1	1	1	1.000	unknown;unknown;unknown	-_cellular organisms
NODE_30_length_15714_cov_2.866684	69774	species	Penicillium herquei	2	2	1	0.500	Fungi;Ascomycota;Aspergillaceae	-_cellular organisms;d_Eukaryota;-_Opisthokonta;k_Fungi;-_Dikarya;p_Ascomycota;-_saccharomyceta;-_Pezizomycotina;-_leotiomyceta;c_Eurotiomycetes;-_Eurotiomycetidae;o_Eurotiales;f_Aspergillaceae;g_Penicillium;s_Penicillium herquei
NODE_31_length_15594_cov_2.676602	284812	strain	Schizosaccharomyces pombe 972h-	1	1	1	1.000	Fungi;Ascomycota;Schizosaccharomycetaceae	-_cellular organisms;d_Eukaryota;-_Opisthokonta;k_Fungi;-_Dikarya;p_Ascomycota;-_Taphrinomycotina;c_Schizosaccharomycetes;o_Schizosaccharomycetales;f_Schizosaccharomycetaceae;g_Schizosaccharomyces;s_Schizosaccharomyces pombe;-_Schizosaccharomyces pombe 972h-
NODE_34_length_14017_cov_2.900360	716546	clade	leotiomyceta	1	1	1	1.000	Fungi;Ascomycota;unknown	-_cellular organisms;d_Eukaryota;-_Opisthokonta;k_Fungi;-_Dikarya;p_Ascomycota;-_saccharomyceta;-_Pezizomycotina;-_leotiomyceta
NODE_36_length_12944_cov_169.106343	1236	class	Gammaproteobacteria	3	3	2	0.670	unknown;Proteobacteria;uc_Gammaproteobacteria	-_cellular organisms;d_Bacteria;p_Proteobacteria;c_Gammaproteobacteria
NODE_37_length_12618_cov_2.765271	0	no rank	unclassified	1	0	0	0.000		
NODE_38_length_12562_cov_2.663289	4890	phylum	Ascomycota	3	3	2	0.670	Fungi;Ascomycota;uc_Ascomycota	-_cellular organisms;d_Eukaryota;-_Opisthokonta;k_Fungi;-_Dikarya;p_Ascomycota
NODE_3527_length_477_cov_1.840000	4890	phylum	Ascomycota	1	1	1	1.000	Fungi;Ascomycota;uc_Ascomycota	-_cellular organisms;d_Eukaryota;-_Opisthokonta;k_Fungi;-_Dikarya;p_Ascomycota
NODE_3576_length_472_cov_0.237681	226186	strain	Bacteroides thetaiotaomicron VPI-5482	1	1	1	1.000	unknown;Bacteroidetes;Bacteroidaceae	-_cellular organisms;d_Bacteria;-_FCB group;-_Bacteroidetes/Chlorobi group;p_Bacteroidetes;c_Bacteroidia;o_Bacteroidales;f_Bacteroidaceae;g_Bacteroides;s_Bacteroides thetaiotaomicron;-_Bacteroides thetaiotaomicron VPI-5482
NODE_3902_length_439_cov_0.423077	357809	strain	Lachnoclostridium phytofermentans ISDg	1	1	1	1.000	unknown;Firmicutes;Lachnospiraceae	-_cellular organisms;d_Bacteria;-_Terrabacteria group;p_Firmicutes;c_Clostridia;o_Eubacteriales;f_Lachnospiraceae;g_Lachnoclostridium;s_Lachnoclostridium phytofermentans;-_Lachnoclostridium phytofermentans ISDg
NODE_3911_length_438_cov_1.694534	131567	no rank	cellular organisms	1	1	1	1.000	unknown;unknown;unknown	-_cellular organisms
NODE_3965_length_433_cov_0.683007	131567	no rank	cellular organisms	1	1	1	1.000	unknown;unknown;unknown	-_cellular organisms
NODE_3981_length_432_cov_0.665574	1224	phylum	Proteobacteria	1	1	1	1.000	unknown;Proteobacteria;uc_Proteobacteria	-_cellular organisms;d_Bacteria;p_Proteobacteria
NODE_3998_length_431_cov_0.592105	5503	species	Curvularia lunata	1	1	1	1.000	Fungi;Ascomycota;Pleosporaceae	-_cellular organisms;d_Eukaryota;-_Opisthokonta;k_Fungi;-_Dikarya;p_Ascomycota;-_saccharomyceta;-_Pezizomycotina;-_leotiomyceta;-_dothideomyceta;c_Dothideomycetes;-_Pleosporomycetidae;o_Pleosporales;-_Pleosporineae;f_Pleosporaceae;g_Curvularia;s_Curvularia lunata
NODE_3999_length_431_cov_0.305921	5334	species	Schizophyllum commune	1	1	1	1.000	Fungi;Basidiomycota;Schizophyllaceae	-_cellular organisms;d_Eukaryota;-_Opisthokonta;k_Fungi;-_Dikarya;p_Basidiomycota;-_Agaricomycotina;c_Agaricomycetes;-_Agaricomycetidae;o_Agaricales;f_Schizophyllaceae;g_Schizophyllum;s_Schizophyllum commune
NODE_2482_length_661_cov_1.591760	451864	subkingdom	Dikarya	1	1	1	1.000	Fungi;uc_Dikarya;uc_Dikarya	-_cellular organisms;d_Eukaryota;-_Opisthokonta;k_Fungi;-_Dikarya
NODE_2631_length_625_cov_1.793173	716546	clade	leotiomyceta	1	1	1	1.000	Fungi;Ascomycota;unknown	-_cellular organisms;d_Eukaryota;-_Opisthokonta;k_Fungi;-_Dikarya;p_Ascomycota;-_saccharomyceta;-_Pezizomycotina;-_leotiomyceta
NODE_40_length_12163_cov_2.772848	716546	clade	leotiomyceta	1	1	1	1.000	Fungi;Ascomycota;unknown	-_cellular organisms;d_Eukaryota;-_Opisthokonta;k_Fungi;-_Dikarya;p_Ascomycota;-_saccharomyceta;-_Pezizomycotina;-_leotiomyceta
NODE_44_length_10457_cov_2.705421	306	species	Pseudomonas sp.	2	2	1	0.500	unknown;Proteobacteria;Pseudomonadaceae	-_cellular organisms;d_Bacteria;p_Proteobacteria;c_Gammaproteobacteria;o_Pseudomonadales;f_Pseudomonadaceae;g_Pseudomonas;-_unclassified Pseudomonas;s_Pseudomonas sp.
NODE_45_length_10405_cov_2.835766	663331	strain	Trichophyton benhamiae CBS 112371	2	2	2	1.000	Fungi;Ascomycota;Arthrodermataceae	-_cellular organisms;d_Eukaryota;-_Opisthokonta;k_Fungi;-_Dikarya;p_Ascomycota;-_saccharomyceta;-_Pezizomycotina;-_leotiomyceta;c_Eurotiomycetes;-_Eurotiomycetidae;o_Onygenales;f_Arthrodermataceae;g_Trichophyton;s_Trichophyton benhamiae;-_Trichophyton benhamiae CBS 112371
NODE_50_length_9976_cov_2.482486	716546	clade	leotiomyceta	1	1	1	1.000	Fungi;Ascomycota;unknown	-_cellular organisms;d_Eukaryota;-_Opisthokonta;k_Fungi;-_Dikarya;p_Ascomycota;-_saccharomyceta;-_Pezizomycotina;-_leotiomyceta
NODE_53_length_9600_cov_2.662198	4932	species	Saccharomyces cerevisiae	1	1	1	1.000	Fungi;Ascomycota;Saccharomycetaceae	-_cellular organisms;d_Eukaryota;-_Opisthokonta;k_Fungi;-_Dikarya;p_Ascomycota;-_saccharomyceta;-_Saccharomycotina;c_Saccharomycetes;o_Saccharomycetales;f_Saccharomycetaceae;g_Saccharomyces;s_Saccharomyces cerevisiae
NODE_64_length_8643_cov_11.246242	284812	strain	Schizosaccharomyces pombe 972h-	1	1	1	1.000	Fungi;Ascomycota;Schizosaccharomycetaceae	-_cellular organisms;d_Eukaryota;-_Opisthokonta;k_Fungi;-_Dikarya;p_Ascomycota;-_Taphrinomycotina;c_Schizosaccharomycetes;o_Schizosaccharomycetales;f_Schizosaccharomycetaceae;g_Schizosaccharomyces;s_Schizosaccharomyces pombe;-_Schizosaccharomyces pombe 972h-
NODE_65_length_8626_cov_2.545947	41736	species	Aspergillus rugulosus	6	6	4	0.600	Fungi;Ascomycota;Aspergillaceae	-_cellular organisms;d_Eukaryota;-_Opisthokonta;k_Fungi;-_Dikarya;p_Ascomycota;-_saccharomyceta;-_Pezizomycotina;-_leotiomyceta;c_Eurotiomycetes;-_Eurotiomycetidae;o_Eurotiales;f_Aspergillaceae;g_Aspergillus;s_Aspergillus rugulosus
NODE_73_length_8108_cov_2.556321	716546	clade	leotiomyceta	3	3	2	0.670	Fungi;Ascomycota;unknown	-_cellular organisms;d_Eukaryota;-_Opisthokonta;k_Fungi;-_Dikarya;p_Ascomycota;-_saccharomyceta;-_Pezizomycotina;-_leotiomyceta
NODE_76_length_7878_cov_2.731131	559292	strain	Saccharomyces cerevisiae S288C	1	1	1	1.000	Fungi;Ascomycota;Saccharomycetaceae	-_cellular organisms;d_Eukaryota;-_Opisthokonta;k_Fungi;-_Dikarya;p_Ascomycota;-_saccharomyceta;-_Saccharomycotina;c_Saccharomycetes;o_Saccharomycetales;f_Saccharomycetaceae;g_Saccharomyces;s_Saccharomyces cerevisiae;-_Saccharomyces cerevisiae S288C
NODE_77_length_7718_cov_2.700171	559292	strain	Saccharomyces cerevisiae S288C	2	2	1	0.500	Fungi;Ascomycota;Saccharomycetaceae	-_cellular organisms;d_Eukaryota;-_Opisthokonta;k_Fungi;-_Dikarya;p_Ascomycota;-_saccharomyceta;-_Saccharomycotina;c_Saccharomycetes;o_Saccharomycetales;f_Saccharomycetaceae;g_Saccharomyces;s_Saccharomyces cerevisiae;-_Saccharomyces cerevisiae S288C
NODE_2695_length_607_cov_2.485417	2759	superkingdom	Eukaryota	1	1	1	1.000	uc_Eukaryota;uc_Eukaryota;uc_Eukaryota	-_cellular organisms;d_Eukaryota
NODE_2698_length_607_cov_2.104167	330879	strain	Aspergillus fumigatus Af293	1	1	1	1.000	Fungi;Ascomycota;Aspergillaceae	-_cellular organisms;d_Eukaryota;-_Opisthokonta;k_Fungi;-_Dikarya;p_Ascomycota;-_saccharomyceta;-_Pezizomycotina;-_leotiomyceta;c_Eurotiomycetes;-_Eurotiomycetidae;o_Eurotiales;f_Aspergillaceae;g_Aspergillus;-_Aspergillus subgen. Fumigati;s_Aspergillus fumigatus;-_Aspergillus fumigatus Af293
NODE_3207_length_518_cov_0.498721	357809	strain	Lachnoclostridium phytofermentans ISDg	1	1	1	1.000	unknown;Firmicutes;Lachnospiraceae	-_cellular organisms;d_Bacteria;-_Terrabacteria group;p_Firmicutes;c_Clostridia;o_Eubacteriales;f_Lachnospiraceae;g_Lachnoclostridium;s_Lachnoclostridium phytofermentans;-_Lachnoclostridium phytofermentans ISDg
NODE_3211_length_517_cov_2.094872	33154	clade	Opisthokonta	1	1	1	1.000	unknown;unknown;unknown	-_cellular organisms;d_Eukaryota;-_Opisthokonta
NODE_3226_length_515_cov_0.342784	562	species	Escherichia coli	2	2	1	0.930	unknown;Proteobacteria;Enterobacteriaceae	-_cellular organisms;d_Bacteria;p_Proteobacteria;c_Gammaproteobacteria;o_Enterobacterales;f_Enterobacteriaceae;g_Escherichia;s_Escherichia coli
NODE_3231_length_514_cov_1.873385	716546	clade	leotiomyceta	1	1	1	1.000	Fungi;Ascomycota;unknown	-_cellular organisms;d_Eukaryota;-_Opisthokonta;k_Fungi;-_Dikarya;p_Ascomycota;-_saccharomyceta;-_Pezizomycotina;-_leotiomyceta
NODE_3240_length_513_cov_0.303109	2	superkingdom	Bacteria	1	1	1	1.000	uc_Bacteria;uc_Bacteria;uc_Bacteria	-_cellular organisms;d_Bacteria
NODE_3411_length_490_cov_2.336088	284812	strain	Schizosaccharomyces pombe 972h-	1	1	1	1.000	Fungi;Ascomycota;Schizosaccharomycetaceae	-_cellular organisms;d_Eukaryota;-_Opisthokonta;k_Fungi;-_Dikarya;p_Ascomycota;-_Taphrinomycotina;c_Schizosaccharomycetes;o_Schizosaccharomycetales;f_Schizosaccharomycetaceae;g_Schizosaccharomyces;s_Schizosaccharomyces pombe;-_Schizosaccharomyces pombe 972h-
NODE_3414_length_490_cov_1.650138	716546	clade	leotiomyceta	2	2	2	1.000	Fungi;Ascomycota;unknown	-_cellular organisms;d_Eukaryota;-_Opisthokonta;k_Fungi;-_Dikarya;p_Ascomycota;-_saccharomyceta;-_Pezizomycotina;-_leotiomyceta
NODE_3420_length_489_cov_2.403315	229533	strain	Fusarium graminearum PH-1	1	1	1	1.000	Fungi;Ascomycota;Nectriaceae	-_cellular organisms;d_Eukaryota;-_Opisthokonta;k_Fungi;-_Dikarya;p_Ascomycota;-_saccharomyceta;-_Pezizomycotina;-_leotiomyceta;-_sordariomyceta;c_Sordariomycetes;-_Hypocreomycetidae;o_Hypocreales;f_Nectriaceae;g_Fusarium;-_Fusarium sambucinum species complex;s_Fusarium graminearum;-_Fusarium graminearum PH-1
NODE_4350_length_403_cov_0.884058	5061	species	Aspergillus niger	1	1	1	1.000	Fungi;Ascomycota;Aspergillaceae	-_cellular organisms;d_Eukaryota;-_Opisthokonta;k_Fungi;-_Dikarya;p_Ascomycota;-_saccharomyceta;-_Pezizomycotina;-_leotiomyceta;c_Eurotiomycetes;-_Eurotiomycetidae;o_Eurotiales;f_Aspergillaceae;g_Aspergillus;-_Aspergillus subgen. Circumdati;s_Aspergillus niger
NODE_4357_length_402_cov_1.749091	716546	clade	leotiomyceta	1	1	1	1.000	Fungi;Ascomycota;unknown	-_cellular organisms;d_Eukaryota;-_Opisthokonta;k_Fungi;-_Dikarya;p_Ascomycota;-_saccharomyceta;-_Pezizomycotina;-_leotiomyceta
NODE_4371_length_401_cov_1.284672	2759	superkingdom	Eukaryota	1	1	1	1.000	uc_Eukaryota;uc_Eukaryota;uc_Eukaryota	-_cellular organisms;d_Eukaryota
NODE_4375_length_401_cov_0.310219	839	species	Prevotella ruminicola	1	1	1	1.000	unknown;Bacteroidetes;Prevotellaceae	-_cellular organisms;d_Bacteria;-_FCB group;-_Bacteroidetes/Chlorobi group;p_Bacteroidetes;c_Bacteroidia;o_Bacteroidales;f_Prevotellaceae;g_Prevotella;s_Prevotella ruminicola
NODE_4377_length_401_cov_0.153285	816	genus	Bacteroides	1	1	1	1.000	unknown;Bacteroidetes;Bacteroidaceae	-_cellular organisms;d_Bacteria;-_FCB group;-_Bacteroidetes/Chlorobi group;p_Bacteroidetes;c_Bacteroidia;o_Bacteroidales;f_Bacteroidaceae;g_Bacteroides
NODE_4378_length_401_cov_0.062044	292459	strain	Symbiobacterium thermophilum IAM 14863	1	1	1	1.000	unknown;Firmicutes;Symbiobacteriaceae	-_cellular organisms;d_Bacteria;-_Terrabacteria group;p_Firmicutes;c_Clostridia;o_Eubacteriales;f_Symbiobacteriaceae;g_Symbiobacterium;s_Symbiobacterium thermophilum;-_Symbiobacterium thermophilum IAM 14863
NODE_4386_length_400_cov_0.677656	3702	species	Arabidopsis thaliana	1	1	1	1.000	Viridiplantae;Streptophyta;Brassicaceae	-_cellular organisms;d_Eukaryota;k_Viridiplantae;p_Streptophyta;-_Streptophytina;-_Embryophyta;-_Tracheophyta;-_Euphyllophyta;-_Spermatophyta;c_Magnoliopsida;-_Mesangiospermae;-_eudicotyledons;-_Gunneridae;-_Pentapetalae;-_rosids;-_malvids;o_Brassicales;f_Brassicaceae;-_Camelineae;g_Arabidopsis;s_Arabidopsis thaliana
NODE_4387_length_400_cov_0.406593	131567	no rank	cellular organisms	1	1	1	1.000	unknown;unknown;unknown	-_cellular organisms
NODE_3707_length_458_cov_1.851964	5052	genus	Aspergillus	1	1	1	1.000	Fungi;Ascomycota;Aspergillaceae	-_cellular organisms;d_Eukaryota;-_Opisthokonta;k_Fungi;-_Dikarya;p_Ascomycota;-_saccharomyceta;-_Pezizomycotina;-_leotiomyceta;c_Eurotiomycetes;-_Eurotiomycetidae;o_Eurotiales;f_Aspergillaceae;g_Aspergillus
NODE_3709_length_458_cov_0.960725	284812	strain	Schizosaccharomyces pombe 972h-	1	1	1	1.000	Fungi;Ascomycota;Schizosaccharomycetaceae	-_cellular organisms;d_Eukaryota;-_Opisthokonta;k_Fungi;-_Dikarya;p_Ascomycota;-_Taphrinomycotina;c_Schizosaccharomycetes;o_Schizosaccharomycetales;f_Schizosaccharomycetaceae;g_Schizosaccharomyces;s_Schizosaccharomyces pombe;-_Schizosaccharomyces pombe 972h-
NODE_3481_length_482_cov_1.312676	716546	clade	leotiomyceta	1	1	1	1.000	Fungi;Ascomycota;unknown	-_cellular organisms;d_Eukaryota;-_Opisthokonta;k_Fungi;-_Dikarya;p_Ascomycota;-_saccharomyceta;-_Pezizomycotina;-_leotiomyceta
NODE_3499_length_480_cov_1.628895	559292	strain	Saccharomyces cerevisiae S288C	1	1	1	1.000	Fungi;Ascomycota;Saccharomycetaceae	-_cellular organisms;d_Eukaryota;-_Opisthokonta;k_Fungi;-_Dikarya;p_Ascomycota;-_saccharomyceta;-_Saccharomycotina;c_Saccharomycetes;o_Saccharomycetales;f_Saccharomycetaceae;g_Saccharomyces;s_Saccharomyces cerevisiae;-_Saccharomyces cerevisiae S288C
NODE_4007_length_430_cov_1.082508	28556	family	Pleosporaceae	1	1	1	1.000	Fungi;Ascomycota;Pleosporaceae	-_cellular organisms;d_Eukaryota;-_Opisthokonta;k_Fungi;-_Dikarya;p_Ascomycota;-_saccharomyceta;-_Pezizomycotina;-_leotiomyceta;-_dothideomyceta;c_Dothideomycetes;-_Pleosporomycetidae;o_Pleosporales;-_Pleosporineae;f_Pleosporaceae
NODE_4021_length_429_cov_1.526490	559292	strain	Saccharomyces cerevisiae S288C	1	1	1	1.000	Fungi;Ascomycota;Saccharomycetaceae	-_cellular organisms;d_Eukaryota;-_Opisthokonta;k_Fungi;-_Dikarya;p_Ascomycota;-_saccharomyceta;-_Saccharomycotina;c_Saccharomycetes;o_Saccharomycetales;f_Saccharomycetaceae;g_Saccharomyces;s_Saccharomyces cerevisiae;-_Saccharomyces cerevisiae S288C
NODE_4028_length_429_cov_0.314570	500485	strain	Penicillium rubens Wisconsin 54-1255	1	1	1	1.000	Fungi;Ascomycota;Aspergillaceae	-_cellular organisms;d_Eukaryota;-_Opisthokonta;k_Fungi;-_Dikarya;p_Ascomycota;-_saccharomyceta;-_Pezizomycotina;-_leotiomyceta;c_Eurotiomycetes;-_Eurotiomycetidae;o_Eurotiales;f_Aspergillaceae;g_Penicillium;-_Penicillium chrysogenum species complex;s_Penicillium rubens;-_Penicillium rubens Wisconsin 54-1255
NODE_4039_length_428_cov_1.554817	284812	strain	Schizosaccharomyces pombe 972h-	1	1	1	1.000	Fungi;Ascomycota;Schizosaccharomycetaceae	-_cellular organisms;d_Eukaryota;-_Opisthokonta;k_Fungi;-_Dikarya;p_Ascomycota;-_Taphrinomycotina;c_Schizosaccharomycetes;o_Schizosaccharomycetales;f_Schizosaccharomycetaceae;g_Schizosaccharomyces;s_Schizosaccharomyces pombe;-_Schizosaccharomyces pombe 972h-
NODE_4071_length_426_cov_0.304348	33213	clade	Bilateria	1	1	1	1.000	Metazoa;unknown;unknown	-_cellular organisms;d_Eukaryota;-_Opisthokonta;k_Metazoa;-_Eumetazoa;-_Bilateria
NODE_4080_length_425_cov_0.295302	91061	class	Bacilli	1	1	1	1.000	unknown;Firmicutes;uc_Bacilli	-_cellular organisms;d_Bacteria;-_Terrabacteria group;p_Firmicutes;c_Bacilli
NODE_4092_length_424_cov_0.232323	186802	order	Eubacteriales	2	2	2	1.000	unknown;Firmicutes;uc_Eubacteriales	-_cellular organisms;d_Bacteria;-_Terrabacteria group;p_Firmicutes;c_Clostridia;o_Eubacteriales
NODE_4315_length_405_cov_3.104317	367110	strain	Neurospora crassa OR74A	1	1	1	1.000	Fungi;Ascomycota;Sordariaceae	-_cellular organisms;d_Eukaryota;-_Opisthokonta;k_Fungi;-_Dikarya;p_Ascomycota;-_saccharomyceta;-_Pezizomycotina;-_leotiomyceta;-_sordariomyceta;c_Sordariomycetes;-_Sordariomycetidae;o_Sordariales;f_Sordariaceae;g_Neurospora;s_Neurospora crassa;-_Neurospora crassa OR74A
NODE_15_length_128052_cov_158.331358	286	genus	Pseudomonas	58	54	32	0.590	unknown;Proteobacteria;Pseudomonadaceae	-_cellular organisms;d_Bacteria;p_Proteobacteria;c_Gammaproteobacteria;o_Pseudomonadales;f_Pseudomonadaceae;g_Pseudomonas
NODE_16_length_114144_cov_162.615917	1236	class	Gammaproteobacteria	36	35	28	0.800	unknown;Proteobacteria;uc_Gammaproteobacteria	-_cellular organisms;d_Bacteria;p_Proteobacteria;c_Gammaproteobacteria
NODE_17_length_112602_cov_160.253772	1236	class	Gammaproteobacteria	31	31	16	0.520	unknown;Proteobacteria;uc_Gammaproteobacteria	-_cellular organisms;d_Bacteria;p_Proteobacteria;c_Gammaproteobacteria
NODE_18_length_90249_cov_141.184794	286	genus	Pseudomonas	52	52	32	0.620	unknown;Proteobacteria;Pseudomonadaceae	-_cellular organisms;d_Bacteria;p_Proteobacteria;c_Gammaproteobacteria;o_Pseudomonadales;f_Pseudomonadaceae;g_Pseudomonas
NODE_19_length_69117_cov_145.850268	286	genus	Pseudomonas	34	30	18	0.590	unknown;Proteobacteria;Pseudomonadaceae	-_cellular organisms;d_Bacteria;p_Proteobacteria;c_Gammaproteobacteria;o_Pseudomonadales;f_Pseudomonadaceae;g_Pseudomonas
NODE_20_length_43805_cov_154.688814	286	genus	Pseudomonas	23	23	12	0.520	unknown;Proteobacteria;Pseudomonadaceae	-_cellular organisms;d_Bacteria;p_Proteobacteria;c_Gammaproteobacteria;o_Pseudomonadales;f_Pseudomonadaceae;g_Pseudomonas
NODE_21_length_43232_cov_168.190280	287	species	Pseudomonas aeruginosa	14	14	7	0.500	unknown;Proteobacteria;Pseudomonadaceae	-_cellular organisms;d_Bacteria;p_Proteobacteria;c_Gammaproteobacteria;o_Pseudomonadales;f_Pseudomonadaceae;g_Pseudomonas;-_Pseudomonas aeruginosa group;s_Pseudomonas aeruginosa
NODE_22_length_30755_cov_161.243764	1236	class	Gammaproteobacteria	6	6	4	0.670	unknown;Proteobacteria;uc_Gammaproteobacteria	-_cellular organisms;d_Bacteria;p_Proteobacteria;c_Gammaproteobacteria
NODE_23_length_30073_cov_157.055667	286	genus	Pseudomonas	11	11	6	0.550	unknown;Proteobacteria;Pseudomonadaceae	-_cellular organisms;d_Bacteria;p_Proteobacteria;c_Gammaproteobacteria;o_Pseudomonadales;f_Pseudomonadaceae;g_Pseudomonas
NODE_24_length_23299_cov_2.565553	332952	strain	Aspergillus flavus NRRL3357	1	1	1	1.000	Fungi;Ascomycota;Aspergillaceae	-_cellular organisms;d_Eukaryota;-_Opisthokonta;k_Fungi;-_Dikarya;p_Ascomycota;-_saccharomyceta;-_Pezizomycotina;-_leotiomyceta;c_Eurotiomycetes;-_Eurotiomycetidae;o_Eurotiales;f_Aspergillaceae;g_Aspergillus;-_Aspergillus subgen. Circumdati;s_Aspergillus flavus;-_Aspergillus flavus NRRL3357
NODE_79_length_7654_cov_2.872061	2759	superkingdom	Eukaryota	1	1	1	1.000	uc_Eukaryota;uc_Eukaryota;uc_Eukaryota	-_cellular organisms;d_Eukaryota
NODE_92_length_6865_cov_3.037400	2587412	species	Podospora anserina	3	3	3	1.000	Fungi;Ascomycota;Podosporaceae	-_cellular organisms;d_Eukaryota;-_Opisthokonta;k_Fungi;-_Dikarya;p_Ascomycota;-_saccharomyceta;-_Pezizomycotina;-_leotiomyceta;-_sordariomyceta;c_Sordariomycetes;-_Sordariomycetidae;o_Sordariales;f_Podosporaceae;g_Podospora;s_Podospora anserina
NODE_94_length_6747_cov_2.451360	314146	superorder	Euarchontoglires	1	1	1	1.000	Metazoa;Chordata;uc_Euarchontoglires	-_cellular organisms;d_Eukaryota;-_Opisthokonta;k_Metazoa;-_Eumetazoa;-_Bilateria;-_Deuterostomia;p_Chordata;-_Craniata;-_Vertebrata;-_Gnathostomata;-_Teleostomi;-_Euteleostomi;-_Sarcopterygii;-_Dipnotetrapodomorpha;-_Tetrapoda;-_Amniota;c_Mammalia;-_Theria;-_Eutheria;-_Boreoeutheria;-_Euarchontoglires
NODE_99_length_6464_cov_2.531324	2759	superkingdom	Eukaryota	1	1	1	1.000	uc_Eukaryota;uc_Eukaryota;uc_Eukaryota	-_cellular organisms;d_Eukaryota
NODE_2231_length_735_cov_1.496711	715989	clade	sordariomyceta	1	1	1	1.000	Fungi;Ascomycota;unknown	-_cellular organisms;d_Eukaryota;-_Opisthokonta;k_Fungi;-_Dikarya;p_Ascomycota;-_saccharomyceta;-_Pezizomycotina;-_leotiomyceta;-_sordariomyceta
NODE_2245_length_729_cov_0.521595	316057	strain	Rhodopseudomonas palustris BisB5	1	1	1	1.000	unknown;Proteobacteria;Bradyrhizobiaceae	-_cellular organisms;d_Bacteria;p_Proteobacteria;c_Alphaproteobacteria;o_Hyphomicrobiales;f_Bradyrhizobiaceae;g_Rhodopseudomonas;s_Rhodopseudomonas palustris;-_Rhodopseudomonas palustris BisB5
NODE_2250_length_728_cov_1.399334	147550	class	Sordariomycetes	1	1	1	1.000	Fungi;Ascomycota;uc_Sordariomycetes	-_cellular organisms;d_Eukaryota;-_Opisthokonta;k_Fungi;-_Dikarya;p_Ascomycota;-_saccharomyceta;-_Pezizomycotina;-_leotiomyceta;-_sordariomyceta;c_Sordariomycetes
NODE_2256_length_726_cov_1.335559	759272	strain	Chaetomium thermophilum var. thermophilum DSM 1495	1	1	1	1.000	Fungi;Ascomycota;Chaetomiaceae	-_cellular organisms;d_Eukaryota;-_Opisthokonta;k_Fungi;-_Dikarya;p_Ascomycota;-_saccharomyceta;-_Pezizomycotina;-_leotiomyceta;-_sordariomyceta;c_Sordariomycetes;-_Sordariomycetidae;o_Sordariales;f_Chaetomiaceae;g_Chaetomium;s_Chaetomium thermophilum;-_Chaetomium thermophilum var. thermophilum;-_Chaetomium thermophilum var. thermophilum DSM 1495
NODE_2501_length_655_cov_1.159091	5042	order	Eurotiales	2	2	2	1.000	Fungi;Ascomycota;uc_Eurotiales	-_cellular organisms;d_Eukaryota;-_Opisthokonta;k_Fungi;-_Dikarya;p_Ascomycota;-_saccharomyceta;-_Pezizomycotina;-_leotiomyceta;c_Eurotiomycetes;-_Eurotiomycetidae;o_Eurotiales
NODE_2519_length_650_cov_0.661568	451871	subclass	Eurotiomycetidae	3	3	1	0.930	Fungi;Ascomycota;uc_Eurotiomycetidae	-_cellular organisms;d_Eukaryota;-_Opisthokonta;k_Fungi;-_Dikarya;p_Ascomycota;-_saccharomyceta;-_Pezizomycotina;-_leotiomyceta;c_Eurotiomycetes;-_Eurotiomycetidae
NODE_5_length_563784_cov_172.334001	1236	class	Gammaproteobacteria	178	171	104	0.610	unknown;Proteobacteria;uc_Gammaproteobacteria	-_cellular organisms;d_Bacteria;p_Proteobacteria;c_Gammaproteobacteria
NODE_6_length_396917_cov_157.808796	1236	class	Gammaproteobacteria	162	158	110	0.700	unknown;Proteobacteria;uc_Gammaproteobacteria	-_cellular organisms;d_Bacteria;p_Proteobacteria;c_Gammaproteobacteria
NODE_7_length_351619_cov_157.309293	135621	family	Pseudomonadaceae	175	162	84	0.520	unknown;Proteobacteria;Pseudomonadaceae	-_cellular organisms;d_Bacteria;p_Proteobacteria;c_Gammaproteobacteria;o_Pseudomonadales;f_Pseudomonadaceae
NODE_8_length_345305_cov_161.073530	1236	class	Gammaproteobacteria	108	104	85	0.810	unknown;Proteobacteria;uc_Gammaproteobacteria	-_cellular organisms;d_Bacteria;p_Proteobacteria;c_Gammaproteobacteria
NODE_9_length_281426_cov_163.291661	286	genus	Pseudomonas	139	133	75	0.570	unknown;Proteobacteria;Pseudomonadaceae	-_cellular organisms;d_Bacteria;p_Proteobacteria;c_Gammaproteobacteria;o_Pseudomonadales;f_Pseudomonadaceae;g_Pseudomonas
NODE_10_length_248895_cov_155.886300	286	genus	Pseudomonas	144	136	74	0.540	unknown;Proteobacteria;Pseudomonadaceae	-_cellular organisms;d_Bacteria;p_Proteobacteria;c_Gammaproteobacteria;o_Pseudomonadales;f_Pseudomonadaceae;g_Pseudomonas
NODE_11_length_192880_cov_164.740860	1236	class	Gammaproteobacteria	77	76	50	0.660	unknown;Proteobacteria;uc_Gammaproteobacteria	-_cellular organisms;d_Bacteria;p_Proteobacteria;c_Gammaproteobacteria
NODE_12_length_165444_cov_154.682797	1236	class	Gammaproteobacteria	48	47	36	0.770	unknown;Proteobacteria;uc_Gammaproteobacteria	-_cellular organisms;d_Bacteria;p_Proteobacteria;c_Gammaproteobacteria
NODE_13_length_158657_cov_163.867722	1236	class	Gammaproteobacteria	60	58	36	0.620	unknown;Proteobacteria;uc_Gammaproteobacteria	-_cellular organisms;d_Bacteria;p_Proteobacteria;c_Gammaproteobacteria
NODE_14_length_129190_cov_153.778139	286	genus	Pseudomonas	58	57	29	0.500	unknown;Proteobacteria;Pseudomonadaceae	-_cellular organisms;d_Bacteria;p_Proteobacteria;c_Gammaproteobacteria;o_Pseudomonadales;f_Pseudomonadaceae;g_Pseudomonas
NODE_101_length_6380_cov_2.489365	222544	subclass	Sordariomycetidae	1	1	1	1.000	Fungi;Ascomycota;uc_Sordariomycetidae	-_cellular organisms;d_Eukaryota;-_Opisthokonta;k_Fungi;-_Dikarya;p_Ascomycota;-_saccharomyceta;-_Pezizomycotina;-_leotiomyceta;-_sordariomyceta;c_Sordariomycetes;-_Sordariomycetidae
NODE_114_length_5876_cov_2.334319	33154	clade	Opisthokonta	2	2	1	0.500	unknown;unknown;unknown	-_cellular organisms;d_Eukaryota;-_Opisthokonta
NODE_122_length_5653_cov_2.562975	8355	species	Xenopus laevis	1	1	1	1.000	Metazoa;Chordata;Pipidae	-_cellular organisms;d_Eukaryota;-_Opisthokonta;k_Metazoa;-_Eumetazoa;-_Bilateria;-_Deuterostomia;p_Chordata;-_Craniata;-_Vertebrata;-_Gnathostomata;-_Teleostomi;-_Euteleostomi;-_Sarcopterygii;-_Dipnotetrapodomorpha;-_Tetrapoda;c_Amphibia;-_Batrachia;o_Anura;-_Pipoidea;f_Pipidae;-_Xenopodinae;g_Xenopus;-_Xenopus;s_Xenopus laevis
NODE_124_length_5600_cov_167.755344	287	species	Pseudomonas aeruginosa	1	1	1	1.000	unknown;Proteobacteria;Pseudomonadaceae	-_cellular organisms;d_Bacteria;p_Proteobacteria;c_Gammaproteobacteria;o_Pseudomonadales;f_Pseudomonadaceae;g_Pseudomonas;-_Pseudomonas aeruginosa group;s_Pseudomonas aeruginosa
NODE_138_length_5399_cov_7.192906	716546	clade	leotiomyceta	14	14	14	1.000	Fungi;Ascomycota;unknown	-_cellular organisms;d_Eukaryota;-_Opisthokonta;k_Fungi;-_Dikarya;p_Ascomycota;-_saccharomyceta;-_Pezizomycotina;-_leotiomyceta
NODE_152_length_5188_cov_2.862280	431241	strain	Trichoderma reesei QM6a	2	2	1	0.500	Fungi;Ascomycota;Hypocreaceae	-_cellular organisms;d_Eukaryota;-_Opisthokonta;k_Fungi;-_Dikarya;p_Ascomycota;-_saccharomyceta;-_Pezizomycotina;-_leotiomyceta;-_sordariomyceta;c_Sordariomycetes;-_Hypocreomycetidae;o_Hypocreales;f_Hypocreaceae;g_Trichoderma;s_Trichoderma reesei;-_Trichoderma reesei QM6a
NODE_154_length_5109_cov_2.805299	212035	species	Acanthamoeba polyphaga mimivirus	1	1	1	1.000	Bamfordvirae;Nucleocytoviricota;Mimiviridae	d_Viruses;-_Varidnaviria;k_Bamfordvirae;p_Nucleocytoviricota;c_Megaviricetes;o_Imitervirales;f_Mimiviridae;g_Mimivirus;s_Acanthamoeba polyphaga mimivirus
NODE_178_length_4630_cov_2.591828	117571	clade	Euteleostomi	1	1	1	1.000	Metazoa;Chordata;unknown	-_cellular organisms;d_Eukaryota;-_Opisthokonta;k_Metazoa;-_Eumetazoa;-_Bilateria;-_Deuterostomia;p_Chordata;-_Craniata;-_Vertebrata;-_Gnathostomata;-_Teleostomi;-_Euteleostomi
NODE_193_length_4451_cov_2.422988	330879	strain	Aspergillus fumigatus Af293	6	5	3	0.940	Fungi;Ascomycota;Aspergillaceae	-_cellular organisms;d_Eukaryota;-_Opisthokonta;k_Fungi;-_Dikarya;p_Ascomycota;-_saccharomyceta;-_Pezizomycotina;-_leotiomyceta;c_Eurotiomycetes;-_Eurotiomycetidae;o_Eurotiales;f_Aspergillaceae;g_Aspergillus;-_Aspergillus subgen. Fumigati;s_Aspergillus fumigatus;-_Aspergillus fumigatus Af293
NODE_210_length_4274_cov_2.441283	330879	strain	Aspergillus fumigatus Af293	1	1	1	1.000	Fungi;Ascomycota;Aspergillaceae	-_cellular organisms;d_Eukaryota;-_Opisthokonta;k_Fungi;-_Dikarya;p_Ascomycota;-_saccharomyceta;-_Pezizomycotina;-_leotiomyceta;c_Eurotiomycetes;-_Eurotiomycetidae;o_Eurotiales;f_Aspergillaceae;g_Aspergillus;-_Aspergillus subgen. Fumigati;s_Aspergillus fumigatus;-_Aspergillus fumigatus Af293
NODE_322_length_3338_cov_2.340392	29918	species	Cladosporium herbarum	1	1	1	1.000	Fungi;Ascomycota;Cladosporiaceae	-_cellular organisms;d_Eukaryota;-_Opisthokonta;k_Fungi;-_Dikarya;p_Ascomycota;-_saccharomyceta;-_Pezizomycotina;-_leotiomyceta;-_dothideomyceta;c_Dothideomycetes;-_Dothideomycetidae;o_Cladosporiales;f_Cladosporiaceae;g_Cladosporium;s_Cladosporium herbarum
NODE_361_length_3184_cov_2.654563	227321	strain	Aspergillus nidulans FGSC A4	2	2	1	0.930	Fungi;Ascomycota;Aspergillaceae	-_cellular organisms;d_Eukaryota;-_Opisthokonta;k_Fungi;-_Dikarya;p_Ascomycota;-_saccharomyceta;-_Pezizomycotina;-_leotiomyceta;c_Eurotiomycetes;-_Eurotiomycetidae;o_Eurotiales;f_Aspergillaceae;g_Aspergillus;-_Aspergillus subgen. Nidulantes;s_Aspergillus nidulans;-_Aspergillus nidulans FGSC A4
NODE_371_length_3139_cov_2.744024	1437010	clade	Boreoeutheria	1	1	1	1.000	Metazoa;Chordata;unknown	-_cellular organisms;d_Eukaryota;-_Opisthokonta;k_Metazoa;-_Eumetazoa;-_Bilateria;-_Deuterostomia;p_Chordata;-_Craniata;-_Vertebrata;-_Gnathostomata;-_Teleostomi;-_Euteleostomi;-_Sarcopterygii;-_Dipnotetrapodomorpha;-_Tetrapoda;-_Amniota;c_Mammalia;-_Theria;-_Eutheria;-_Boreoeutheria
NODE_373_length_3133_cov_2.570526	716546	clade	leotiomyceta	1	1	1	1.000	Fungi;Ascomycota;unknown	-_cellular organisms;d_Eukaryota;-_Opisthokonta;k_Fungi;-_Dikarya;p_Ascomycota;-_saccharomyceta;-_Pezizomycotina;-_leotiomyceta
NODE_389_length_3075_cov_2.888060	33154	clade	Opisthokonta	1	1	1	1.000	unknown;unknown;unknown	-_cellular organisms;d_Eukaryota;-_Opisthokonta
NODE_402_length_3008_cov_2.664006	2759	superkingdom	Eukaryota	1	1	1	1.000	uc_Eukaryota;uc_Eukaryota;uc_Eukaryota	-_cellular organisms;d_Eukaryota
NODE_406_length_3002_cov_2.758957	330879	strain	Aspergillus fumigatus Af293	3	3	2	0.670	Fungi;Ascomycota;Aspergillaceae	-_cellular organisms;d_Eukaryota;-_Opisthokonta;k_Fungi;-_Dikarya;p_Ascomycota;-_saccharomyceta;-_Pezizomycotina;-_leotiomyceta;c_Eurotiomycetes;-_Eurotiomycetidae;o_Eurotiales;f_Aspergillaceae;g_Aspergillus;-_Aspergillus subgen. Fumigati;s_Aspergillus fumigatus;-_Aspergillus fumigatus Af293
NODE_412_length_2962_cov_2.560847	5042	order	Eurotiales	1	1	1	1.000	Fungi;Ascomycota;uc_Eurotiales	-_cellular organisms;d_Eukaryota;-_Opisthokonta;k_Fungi;-_Dikarya;p_Ascomycota;-_saccharomyceta;-_Pezizomycotina;-_leotiomyceta;c_Eurotiomycetes;-_Eurotiomycetidae;o_Eurotiales
NODE_419_length_2933_cov_2.354241	2759	superkingdom	Eukaryota	1	1	1	1.000	uc_Eukaryota;uc_Eukaryota;uc_Eukaryota	-_cellular organisms;d_Eukaryota
NODE_429_length_2886_cov_2.325480	64363	species	Dothistroma septosporum	1	1	1	1.000	Fungi;Ascomycota;Mycosphaerellaceae	-_cellular organisms;d_Eukaryota;-_Opisthokonta;k_Fungi;-_Dikarya;p_Ascomycota;-_saccharomyceta;-_Pezizomycotina;-_leotiomyceta;-_dothideomyceta;c_Dothideomycetes;-_Dothideomycetidae;o_Mycosphaerellales;f_Mycosphaerellaceae;g_Dothistroma;s_Dothistroma septosporum
NODE_1354_length_1228_cov_2.514986	2587412	species	Podospora anserina	1	1	1	1.000	Fungi;Ascomycota;Podosporaceae	-_cellular organisms;d_Eukaryota;-_Opisthokonta;k_Fungi;-_Dikarya;p_Ascomycota;-_saccharomyceta;-_Pezizomycotina;-_leotiomyceta;-_sordariomyceta;c_Sordariomycetes;-_Sordariomycetidae;o_Sordariales;f_Podosporaceae;g_Podospora;s_Podospora anserina
NODE_1373_length_1211_cov_3.040590	6072	clade	Eumetazoa	1	1	1	1.000	Metazoa;unknown;unknown	-_cellular organisms;d_Eukaryota;-_Opisthokonta;k_Metazoa;-_Eumetazoa
NODE_1374_length_1210_cov_2.788550	559292	strain	Saccharomyces cerevisiae S288C	1	1	1	1.000	Fungi;Ascomycota;Saccharomycetaceae	-_cellular organisms;d_Eukaryota;-_Opisthokonta;k_Fungi;-_Dikarya;p_Ascomycota;-_saccharomyceta;-_Saccharomycotina;c_Saccharomycetes;o_Saccharomycetales;f_Saccharomycetaceae;g_Saccharomyces;s_Saccharomyces cerevisiae;-_Saccharomyces cerevisiae S288C
NODE_1385_length_1198_cov_2.063492	284812	strain	Schizosaccharomyces pombe 972h-	1	1	1	1.000	Fungi;Ascomycota;Schizosaccharomycetaceae	-_cellular organisms;d_Eukaryota;-_Opisthokonta;k_Fungi;-_Dikarya;p_Ascomycota;-_Taphrinomycotina;c_Schizosaccharomycetes;o_Schizosaccharomycetales;f_Schizosaccharomycetaceae;g_Schizosaccharomyces;s_Schizosaccharomyces pombe;-_Schizosaccharomyces pombe 972h-
NODE_1470_length_1136_cov_1.758176	716546	clade	leotiomyceta	1	1	1	1.000	Fungi;Ascomycota;unknown	-_cellular organisms;d_Eukaryota;-_Opisthokonta;k_Fungi;-_Dikarya;p_Ascomycota;-_saccharomyceta;-_Pezizomycotina;-_leotiomyceta
NODE_1472_length_1134_cov_2.577954	5073	genus	Penicillium	1	1	1	1.000	Fungi;Ascomycota;Aspergillaceae	-_cellular organisms;d_Eukaryota;-_Opisthokonta;k_Fungi;-_Dikarya;p_Ascomycota;-_saccharomyceta;-_Pezizomycotina;-_leotiomyceta;c_Eurotiomycetes;-_Eurotiomycetidae;o_Eurotiales;f_Aspergillaceae;g_Penicillium
NODE_1478_length_1126_cov_1.761762	716546	clade	leotiomyceta	1	1	1	1.000	Fungi;Ascomycota;unknown	-_cellular organisms;d_Eukaryota;-_Opisthokonta;k_Fungi;-_Dikarya;p_Ascomycota;-_saccharomyceta;-_Pezizomycotina;-_leotiomyceta
NODE_1555_length_1066_cov_1660.003195	817	species	Bacteroides fragilis	1	1	1	1.000	unknown;Bacteroidetes;Bacteroidaceae	-_cellular organisms;d_Bacteria;-_FCB group;-_Bacteroidetes/Chlorobi group;p_Bacteroidetes;c_Bacteroidia;o_Bacteroidales;f_Bacteroidaceae;g_Bacteroides;s_Bacteroides fragilis
NODE_1632_length_1017_cov_1.913483	4890	phylum	Ascomycota	1	1	1	1.000	Fungi;Ascomycota;uc_Ascomycota	-_cellular organisms;d_Eukaryota;-_Opisthokonta;k_Fungi;-_Dikarya;p_Ascomycota
NODE_1723_length_948_cov_2.440926	663331	strain	Trichophyton benhamiae CBS 112371	1	1	1	1.000	Fungi;Ascomycota;Arthrodermataceae	-_cellular organisms;d_Eukaryota;-_Opisthokonta;k_Fungi;-_Dikarya;p_Ascomycota;-_saccharomyceta;-_Pezizomycotina;-_leotiomyceta;c_Eurotiomycetes;-_Eurotiomycetidae;o_Onygenales;f_Arthrodermataceae;g_Trichophyton;s_Trichophyton benhamiae;-_Trichophyton benhamiae CBS 112371
NODE_545_length_2499_cov_2.419899	2759	superkingdom	Eukaryota	3	3	3	1.000	uc_Eukaryota;uc_Eukaryota;uc_Eukaryota	-_cellular organisms;d_Eukaryota
NODE_566_length_2443_cov_1.864853	284812	strain	Schizosaccharomyces pombe 972h-	1	1	1	1.000	Fungi;Ascomycota;Schizosaccharomycetaceae	-_cellular organisms;d_Eukaryota;-_Opisthokonta;k_Fungi;-_Dikarya;p_Ascomycota;-_Taphrinomycotina;c_Schizosaccharomycetes;o_Schizosaccharomycetales;f_Schizosaccharomycetaceae;g_Schizosaccharomyces;s_Schizosaccharomyces pombe;-_Schizosaccharomyces pombe 972h-
NODE_596_length_2376_cov_2.343264	0	no rank	unclassified	1	0	0	0.000		
NODE_600_length_2369_cov_2.419715	227321	strain	Aspergillus nidulans FGSC A4	1	1	1	1.000	Fungi;Ascomycota;Aspergillaceae	-_cellular organisms;d_Eukaryota;-_Opisthokonta;k_Fungi;-_Dikarya;p_Ascomycota;-_saccharomyceta;-_Pezizomycotina;-_leotiomyceta;c_Eurotiomycetes;-_Eurotiomycetidae;o_Eurotiales;f_Aspergillaceae;g_Aspergillus;-_Aspergillus subgen. Nidulantes;s_Aspergillus nidulans;-_Aspergillus nidulans FGSC A4
NODE_649_length_2228_cov_2.644455	2759	superkingdom	Eukaryota	1	1	1	1.000	uc_Eukaryota;uc_Eukaryota;uc_Eukaryota	-_cellular organisms;d_Eukaryota
NODE_652_length_2224_cov_2.582260	2587412	species	Podospora anserina	1	1	1	1.000	Fungi;Ascomycota;Podosporaceae	-_cellular organisms;d_Eukaryota;-_Opisthokonta;k_Fungi;-_Dikarya;p_Ascomycota;-_saccharomyceta;-_Pezizomycotina;-_leotiomyceta;-_sordariomyceta;c_Sordariomycetes;-_Sordariomycetidae;o_Sordariales;f_Podosporaceae;g_Podospora;s_Podospora anserina
NODE_673_length_2160_cov_2.485981	675120	strain	Dothistroma septosporum NZE10	1	1	1	1.000	Fungi;Ascomycota;Mycosphaerellaceae	-_cellular organisms;d_Eukaryota;-_Opisthokonta;k_Fungi;-_Dikarya;p_Ascomycota;-_saccharomyceta;-_Pezizomycotina;-_leotiomyceta;-_dothideomyceta;c_Dothideomycetes;-_Dothideomycetidae;o_Mycosphaerellales;f_Mycosphaerellaceae;g_Dothistroma;s_Dothistroma septosporum;-_Dothistroma septosporum NZE10
NODE_682_length_2141_cov_2.180238	2587412	species	Podospora anserina	1	1	1	1.000	Fungi;Ascomycota;Podosporaceae	-_cellular organisms;d_Eukaryota;-_Opisthokonta;k_Fungi;-_Dikarya;p_Ascomycota;-_saccharomyceta;-_Pezizomycotina;-_leotiomyceta;-_sordariomyceta;c_Sordariomycetes;-_Sordariomycetidae;o_Sordariales;f_Podosporaceae;g_Podospora;s_Podospora anserina
NODE_709_length_2077_cov_1.831282	5052	genus	Aspergillus	1	1	1	1.000	Fungi;Ascomycota;Aspergillaceae	-_cellular organisms;d_Eukaryota;-_Opisthokonta;k_Fungi;-_Dikarya;p_Ascomycota;-_saccharomyceta;-_Pezizomycotina;-_leotiomyceta;c_Eurotiomycetes;-_Eurotiomycetidae;o_Eurotiales;f_Aspergillaceae;g_Aspergillus
NODE_737_length_2019_cov_2.472516	44689	species	Dictyostelium discoideum	1	1	1	1.000	unknown;Evosea;Dictyosteliaceae	-_cellular organisms;d_Eukaryota;-_Amoebozoa;p_Evosea;c_Eumycetozoa;-_Dictyostelia;o_Dictyosteliales;f_Dictyosteliaceae;g_Dictyostelium;s_Dictyostelium discoideum
NODE_753_length_1993_cov_2.573419	155619	class	Agaricomycetes	1	1	1	1.000	Fungi;Basidiomycota;uc_Agaricomycetes	-_cellular organisms;d_Eukaryota;-_Opisthokonta;k_Fungi;-_Dikarya;p_Basidiomycota;-_Agaricomycotina;c_Agaricomycetes
NODE_777_length_1957_cov_2.565574	2759	superkingdom	Eukaryota	1	1	1	1.000	uc_Eukaryota;uc_Eukaryota;uc_Eukaryota	-_cellular organisms;d_Eukaryota
NODE_854_length_1808_cov_3.076145	716546	clade	leotiomyceta	3	3	2	0.960	Fungi;Ascomycota;unknown	-_cellular organisms;d_Eukaryota;-_Opisthokonta;k_Fungi;-_Dikarya;p_Ascomycota;-_saccharomyceta;-_Pezizomycotina;-_leotiomyceta
NODE_869_length_1784_cov_2.341581	2334	species	Bacillus sp. PS3	1	1	1	1.000	unknown;Firmicutes;Bacillaceae	-_cellular organisms;d_Bacteria;-_Terrabacteria group;p_Firmicutes;c_Bacilli;o_Bacillales;f_Bacillaceae;g_Bacillus;-_unclassified Bacillus (in: Bacteria);s_Bacillus sp. PS3
NODE_879_length_1772_cov_2.417629	2759	superkingdom	Eukaryota	1	1	1	1.000	uc_Eukaryota;uc_Eukaryota;uc_Eukaryota	-_cellular organisms;d_Eukaryota
NODE_925_length_1707_cov_2.327215	716546	clade	leotiomyceta	1	1	1	1.000	Fungi;Ascomycota;unknown	-_cellular organisms;d_Eukaryota;-_Opisthokonta;k_Fungi;-_Dikarya;p_Ascomycota;-_saccharomyceta;-_Pezizomycotina;-_leotiomyceta
NODE_926_length_1706_cov_3.063965	1437010	clade	Boreoeutheria	1	1	1	1.000	Metazoa;Chordata;unknown	-_cellular organisms;d_Eukaryota;-_Opisthokonta;k_Metazoa;-_Eumetazoa;-_Bilateria;-_Deuterostomia;p_Chordata;-_Craniata;-_Vertebrata;-_Gnathostomata;-_Teleostomi;-_Euteleostomi;-_Sarcopterygii;-_Dipnotetrapodomorpha;-_Tetrapoda;-_Amniota;c_Mammalia;-_Theria;-_Eutheria;-_Boreoeutheria
NODE_954_length_1669_cov_2.817769	2508778	species	Aspergillus burnettii	1	1	1	1.000	Fungi;Ascomycota;Aspergillaceae	-_cellular organisms;d_Eukaryota;-_Opisthokonta;k_Fungi;-_Dikarya;p_Ascomycota;-_saccharomyceta;-_Pezizomycotina;-_leotiomyceta;c_Eurotiomycetes;-_Eurotiomycetidae;o_Eurotiales;f_Aspergillaceae;g_Aspergillus;s_Aspergillus burnettii
NODE_975_length_1642_cov_1.686469	2587412	species	Podospora anserina	1	1	1	1.000	Fungi;Ascomycota;Podosporaceae	-_cellular organisms;d_Eukaryota;-_Opisthokonta;k_Fungi;-_Dikarya;p_Ascomycota;-_saccharomyceta;-_Pezizomycotina;-_leotiomyceta;-_sordariomyceta;c_Sordariomycetes;-_Sordariomycetidae;o_Sordariales;f_Podosporaceae;g_Podospora;s_Podospora anserina
NODE_992_length_1620_cov_2.138647	5139	order	Sordariales	1	1	1	1.000	Fungi;Ascomycota;uc_Sordariales	-_cellular organisms;d_Eukaryota;-_Opisthokonta;k_Fungi;-_Dikarya;p_Ascomycota;-_saccharomyceta;-_Pezizomycotina;-_leotiomyceta;-_sordariomyceta;c_Sordariomycetes;-_Sordariomycetidae;o_Sordariales
NODE_3716_length_457_cov_0.421212	226186	strain	Bacteroides thetaiotaomicron VPI-5482	1	1	1	1.000	unknown;Bacteroidetes;Bacteroidaceae	-_cellular organisms;d_Bacteria;-_FCB group;-_Bacteroidetes/Chlorobi group;p_Bacteroidetes;c_Bacteroidia;o_Bacteroidales;f_Bacteroidaceae;g_Bacteroides;s_Bacteroides thetaiotaomicron;-_Bacteroides thetaiotaomicron VPI-5482
NODE_3738_length_454_cov_0.675841	716546	clade	leotiomyceta	1	1	1	1.000	Fungi;Ascomycota;unknown	-_cellular organisms;d_Eukaryota;-_Opisthokonta;k_Fungi;-_Dikarya;p_Ascomycota;-_saccharomyceta;-_Pezizomycotina;-_leotiomyceta
NODE_3753_length_453_cov_0.674847	83333	strain	Escherichia coli K-12	1	1	1	1.000	unknown;Proteobacteria;Enterobacteriaceae	-_cellular organisms;d_Bacteria;p_Proteobacteria;c_Gammaproteobacteria;o_Enterobacterales;f_Enterobacteriaceae;g_Escherichia;s_Escherichia coli;-_Escherichia coli K-12
NODE_3771_length_452_cov_0.218462	1423	species	Bacillus subtilis	1	1	1	1.000	unknown;Firmicutes;Bacillaceae	-_cellular organisms;d_Bacteria;-_Terrabacteria group;p_Firmicutes;c_Bacilli;o_Bacillales;f_Bacillaceae;g_Bacillus;-_Bacillus subtilis group;s_Bacillus subtilis
NODE_4124_length_421_cov_0.136054	83333	strain	Escherichia coli K-12	1	1	1	1.000	unknown;Proteobacteria;Enterobacteriaceae	-_cellular organisms;d_Bacteria;p_Proteobacteria;c_Gammaproteobacteria;o_Enterobacterales;f_Enterobacteriaceae;g_Escherichia;s_Escherichia coli;-_Escherichia coli K-12
NODE_4140_length_420_cov_0.283276	716546	clade	leotiomyceta	1	1	1	1.000	Fungi;Ascomycota;unknown	-_cellular organisms;d_Eukaryota;-_Opisthokonta;k_Fungi;-_Dikarya;p_Ascomycota;-_saccharomyceta;-_Pezizomycotina;-_leotiomyceta
NODE_4159_length_418_cov_1.206186	5052	genus	Aspergillus	3	3	3	1.000	Fungi;Ascomycota;Aspergillaceae	-_cellular organisms;d_Eukaryota;-_Opisthokonta;k_Fungi;-_Dikarya;p_Ascomycota;-_saccharomyceta;-_Pezizomycotina;-_leotiomyceta;c_Eurotiomycetes;-_Eurotiomycetidae;o_Eurotiales;f_Aspergillaceae;g_Aspergillus
NODE_4169_length_417_cov_2.131034	330879	strain	Aspergillus fumigatus Af293	1	1	1	1.000	Fungi;Ascomycota;Aspergillaceae	-_cellular organisms;d_Eukaryota;-_Opisthokonta;k_Fungi;-_Dikarya;p_Ascomycota;-_saccharomyceta;-_Pezizomycotina;-_leotiomyceta;c_Eurotiomycetes;-_Eurotiomycetidae;o_Eurotiales;f_Aspergillaceae;g_Aspergillus;-_Aspergillus subgen. Fumigati;s_Aspergillus fumigatus;-_Aspergillus fumigatus Af293
NODE_4176_length_417_cov_0.375862	716546	clade	leotiomyceta	1	1	1	1.000	Fungi;Ascomycota;unknown	-_cellular organisms;d_Eukaryota;-_Opisthokonta;k_Fungi;-_Dikarya;p_Ascomycota;-_saccharomyceta;-_Pezizomycotina;-_leotiomyceta
NODE_4197_length_415_cov_0.638889	357809	strain	Lachnoclostridium phytofermentans ISDg	1	1	1	1.000	unknown;Firmicutes;Lachnospiraceae	-_cellular organisms;d_Bacteria;-_Terrabacteria group;p_Firmicutes;c_Clostridia;o_Eubacteriales;f_Lachnospiraceae;g_Lachnoclostridium;s_Lachnoclostridium phytofermentans;-_Lachnoclostridium phytofermentans ISDg
NODE_2574_length_634_cov_3.293886	284812	strain	Schizosaccharomyces pombe 972h-	1	1	1	1.000	Fungi;Ascomycota;Schizosaccharomycetaceae	-_cellular organisms;d_Eukaryota;-_Opisthokonta;k_Fungi;-_Dikarya;p_Ascomycota;-_Taphrinomycotina;c_Schizosaccharomycetes;o_Schizosaccharomycetales;f_Schizosaccharomycetaceae;g_Schizosaccharomyces;s_Schizosaccharomyces pombe;-_Schizosaccharomyces pombe 972h-
NODE_2703_length_606_cov_2.805846	131567	no rank	cellular organisms	1	1	1	1.000	unknown;unknown;unknown	-_cellular organisms
NODE_2750_length_596_cov_0.842217	451871	subclass	Eurotiomycetidae	1	1	1	1.000	Fungi;Ascomycota;uc_Eurotiomycetidae	-_cellular organisms;d_Eukaryota;-_Opisthokonta;k_Fungi;-_Dikarya;p_Ascomycota;-_saccharomyceta;-_Pezizomycotina;-_leotiomyceta;c_Eurotiomycetes;-_Eurotiomycetidae
NODE_2956_length_557_cov_2.025581	2759	superkingdom	Eukaryota	1	1	1	1.000	uc_Eukaryota;uc_Eukaryota;uc_Eukaryota	-_cellular organisms;d_Eukaryota
NODE_2975_length_553_cov_0.701878	451864	subkingdom	Dikarya	1	1	1	1.000	Fungi;uc_Dikarya;uc_Dikarya	-_cellular organisms;d_Eukaryota;-_Opisthokonta;k_Fungi;-_Dikarya
NODE_3803_length_449_cov_0.506211	330879	strain	Aspergillus fumigatus Af293	1	1	1	1.000	Fungi;Ascomycota;Aspergillaceae	-_cellular organisms;d_Eukaryota;-_Opisthokonta;k_Fungi;-_Dikarya;p_Ascomycota;-_saccharomyceta;-_Pezizomycotina;-_leotiomyceta;c_Eurotiomycetes;-_Eurotiomycetidae;o_Eurotiales;f_Aspergillaceae;g_Aspergillus;-_Aspergillus subgen. Fumigati;s_Aspergillus fumigatus;-_Aspergillus fumigatus Af293
NODE_3822_length_447_cov_0.875000	208964	strain	Pseudomonas aeruginosa PAO1	1	1	1	1.000	unknown;Proteobacteria;Pseudomonadaceae	-_cellular organisms;d_Bacteria;p_Proteobacteria;c_Gammaproteobacteria;o_Pseudomonadales;f_Pseudomonadaceae;g_Pseudomonas;-_Pseudomonas aeruginosa group;s_Pseudomonas aeruginosa;-_Pseudomonas aeruginosa PAO1
NODE_3840_length_445_cov_1.757862	0	no rank	unclassified	1	0	0	0.000		
NODE_3868_length_442_cov_0.463492	1760	class	Actinomycetia	1	1	1	1.000	unknown;Actinobacteria;uc_Actinomycetia	-_cellular organisms;d_Bacteria;-_Terrabacteria group;p_Actinobacteria;c_Actinomycetia
NODE_3877_length_441_cov_0.808917	716546	clade	leotiomyceta	1	1	1	1.000	Fungi;Ascomycota;unknown	-_cellular organisms;d_Eukaryota;-_Opisthokonta;k_Fungi;-_Dikarya;p_Ascomycota;-_saccharomyceta;-_Pezizomycotina;-_leotiomyceta
NODE_3064_length_539_cov_0.604369	5139	order	Sordariales	1	1	1	1.000	Fungi;Ascomycota;uc_Sordariales	-_cellular organisms;d_Eukaryota;-_Opisthokonta;k_Fungi;-_Dikarya;p_Ascomycota;-_saccharomyceta;-_Pezizomycotina;-_leotiomyceta;-_sordariomyceta;c_Sordariomycetes;-_Sordariomycetidae;o_Sordariales
NODE_3087_length_534_cov_1.884521	367110	strain	Neurospora crassa OR74A	1	1	1	1.000	Fungi;Ascomycota;Sordariaceae	-_cellular organisms;d_Eukaryota;-_Opisthokonta;k_Fungi;-_Dikarya;p_Ascomycota;-_saccharomyceta;-_Pezizomycotina;-_leotiomyceta;-_sordariomyceta;c_Sordariomycetes;-_Sordariomycetidae;o_Sordariales;f_Sordariaceae;g_Neurospora;s_Neurospora crassa;-_Neurospora crassa OR74A
NODE_3136_length_526_cov_6.822055	515849	strain	Podospora anserina S mat+	3	3	2	0.590	Fungi;Ascomycota;Podosporaceae	-_cellular organisms;d_Eukaryota;-_Opisthokonta;k_Fungi;-_Dikarya;p_Ascomycota;-_saccharomyceta;-_Pezizomycotina;-_leotiomyceta;-_sordariomyceta;c_Sordariomycetes;-_Sordariomycetidae;o_Sordariales;f_Podosporaceae;g_Podospora;s_Podospora anserina;-_Podospora anserina S mat+
NODE_3327_length_501_cov_1.459893	2587412	species	Podospora anserina	1	1	1	1.000	Fungi;Ascomycota;Podosporaceae	-_cellular organisms;d_Eukaryota;-_Opisthokonta;k_Fungi;-_Dikarya;p_Ascomycota;-_saccharomyceta;-_Pezizomycotina;-_leotiomyceta;-_sordariomyceta;c_Sordariomycetes;-_Sordariomycetidae;o_Sordariales;f_Podosporaceae;g_Podospora;s_Podospora anserina
NODE_3331_length_501_cov_0.360963	1760	class	Actinomycetia	1	1	1	1.000	unknown;Actinobacteria;uc_Actinomycetia	-_cellular organisms;d_Bacteria;-_Terrabacteria group;p_Actinobacteria;c_Actinomycetia
NODE_3345_length_499_cov_1.693548	1224	phylum	Proteobacteria	1	1	1	1.000	unknown;Proteobacteria;uc_Proteobacteria	-_cellular organisms;d_Bacteria;p_Proteobacteria
NODE_3357_length_498_cov_1.611860	716546	clade	leotiomyceta	1	1	1	1.000	Fungi;Ascomycota;unknown	-_cellular organisms;d_Eukaryota;-_Opisthokonta;k_Fungi;-_Dikarya;p_Ascomycota;-_saccharomyceta;-_Pezizomycotina;-_leotiomyceta
NODE_3383_length_494_cov_0.250681	284812	strain	Schizosaccharomyces pombe 972h-	1	1	1	1.000	Fungi;Ascomycota;Schizosaccharomycetaceae	-_cellular organisms;d_Eukaryota;-_Opisthokonta;k_Fungi;-_Dikarya;p_Ascomycota;-_Taphrinomycotina;c_Schizosaccharomycetes;o_Schizosaccharomycetales;f_Schizosaccharomycetaceae;g_Schizosaccharomyces;s_Schizosaccharomyces pombe;-_Schizosaccharomyces pombe 972h-
NODE_3512_length_479_cov_1.860795	34384	family	Arthrodermataceae	1	1	1	1.000	Fungi;Ascomycota;Arthrodermataceae	-_cellular organisms;d_Eukaryota;-_Opisthokonta;k_Fungi;-_Dikarya;p_Ascomycota;-_saccharomyceta;-_Pezizomycotina;-_leotiomyceta;c_Eurotiomycetes;-_Eurotiomycetidae;o_Onygenales;f_Arthrodermataceae
NODE_3524_length_478_cov_0.589744	817	species	Bacteroides fragilis	1	1	1	1.000	unknown;Bacteroidetes;Bacteroidaceae	-_cellular organisms;d_Bacteria;-_FCB group;-_Bacteroidetes/Chlorobi group;p_Bacteroidetes;c_Bacteroidia;o_Bacteroidales;f_Bacteroidaceae;g_Bacteroides;s_Bacteroides fragilis
NODE_4404_length_399_cov_0.591912	367928	strain	Bifidobacterium adolescentis ATCC 15703	1	1	1	1.000	unknown;Actinobacteria;Bifidobacteriaceae	-_cellular organisms;d_Bacteria;-_Terrabacteria group;p_Actinobacteria;c_Actinomycetia;o_Bifidobacteriales;f_Bifidobacteriaceae;g_Bifidobacterium;s_Bifidobacterium adolescentis;-_Bifidobacterium adolescentis ATCC 15703
NODE_4408_length_399_cov_0.345588	5204	phylum	Basidiomycota	1	1	1	1.000	Fungi;Basidiomycota;uc_Basidiomycota	-_cellular organisms;d_Eukaryota;-_Opisthokonta;k_Fungi;-_Dikarya;p_Basidiomycota
NODE_3630_length_465_cov_3.387574	227321	strain	Aspergillus nidulans FGSC A4	1	1	1	1.000	Fungi;Ascomycota;Aspergillaceae	-_cellular organisms;d_Eukaryota;-_Opisthokonta;k_Fungi;-_Dikarya;p_Ascomycota;-_saccharomyceta;-_Pezizomycotina;-_leotiomyceta;c_Eurotiomycetes;-_Eurotiomycetidae;o_Eurotiales;f_Aspergillaceae;g_Aspergillus;-_Aspergillus subgen. Nidulantes;s_Aspergillus nidulans;-_Aspergillus nidulans FGSC A4
NODE_3652_length_464_cov_0.210682	243276	strain	Treponema pallidum subsp. pallidum str. Nichols	1	1	1	1.000	unknown;Spirochaetes;Treponemataceae	-_cellular organisms;d_Bacteria;p_Spirochaetes;c_Spirochaetia;o_Spirochaetales;f_Treponemataceae;g_Treponema;s_Treponema pallidum;-_Treponema pallidum subsp. pallidum;-_Treponema pallidum subsp. pallidum str. Nichols
NODE_3672_length_461_cov_1.889222	1131492	family	Aspergillaceae	1	1	1	1.000	Fungi;Ascomycota;Aspergillaceae	-_cellular organisms;d_Eukaryota;-_Opisthokonta;k_Fungi;-_Dikarya;p_Ascomycota;-_saccharomyceta;-_Pezizomycotina;-_leotiomyceta;c_Eurotiomycetes;-_Eurotiomycetidae;o_Eurotiales;f_Aspergillaceae
NODE_3676_length_461_cov_0.739521	224308	strain	Bacillus subtilis subsp. subtilis str. 168	1	1	1	1.000	unknown;Firmicutes;Bacillaceae	-_cellular organisms;d_Bacteria;-_Terrabacteria group;p_Firmicutes;c_Bacilli;o_Bacillales;f_Bacillaceae;g_Bacillus;-_Bacillus subtilis group;s_Bacillus subtilis;-_Bacillus subtilis subsp. subtilis;-_Bacillus subtilis subsp. subtilis str. 168
NODE_1_length_763620_cov_160.906448	286	genus	Pseudomonas	416	404	217	0.530	unknown;Proteobacteria;Pseudomonadaceae	-_cellular organisms;d_Bacteria;p_Proteobacteria;c_Gammaproteobacteria;o_Pseudomonadales;f_Pseudomonadaceae;g_Pseudomonas
NODE_2_length_628671_cov_168.831574	1236	class	Gammaproteobacteria	223	216	136	0.640	unknown;Proteobacteria;uc_Gammaproteobacteria	-_cellular organisms;d_Bacteria;p_Proteobacteria;c_Gammaproteobacteria
NODE_3_length_617880_cov_162.388678	1236	class	Gammaproteobacteria	251	244	200	0.820	unknown;Proteobacteria;uc_Gammaproteobacteria	-_cellular organisms;d_Bacteria;p_Proteobacteria;c_Gammaproteobacteria
NODE_4_length_617331_cov_158.106830	1236	class	Gammaproteobacteria	302	296	234	0.790	unknown;Proteobacteria;uc_Gammaproteobacteria	-_cellular organisms;d_Bacteria;p_Proteobacteria;c_Gammaproteobacteria
NODE_228_length_4080_cov_2.976221	2759	superkingdom	Eukaryota	1	1	1	1.000	uc_Eukaryota;uc_Eukaryota;uc_Eukaryota	-_cellular organisms;d_Eukaryota
NODE_236_length_3994_cov_131.328076	83333	strain	Escherichia coli K-12	2	2	1	0.500	unknown;Proteobacteria;Enterobacteriaceae	-_cellular organisms;d_Bacteria;p_Proteobacteria;c_Gammaproteobacteria;o_Enterobacterales;f_Enterobacteriaceae;g_Escherichia;s_Escherichia coli;-_Escherichia coli K-12
NODE_237_length_3985_cov_2.572576	559292	strain	Saccharomyces cerevisiae S288C	1	1	1	1.000	Fungi;Ascomycota;Saccharomycetaceae	-_cellular organisms;d_Eukaryota;-_Opisthokonta;k_Fungi;-_Dikarya;p_Ascomycota;-_saccharomyceta;-_Saccharomycotina;c_Saccharomycetes;o_Saccharomycetales;f_Saccharomycetaceae;g_Saccharomyces;s_Saccharomyces cerevisiae;-_Saccharomyces cerevisiae S288C
NODE_248_length_3940_cov_2.872279	33178	species	Aspergillus terreus	2	2	1	0.500	Fungi;Ascomycota;Aspergillaceae	-_cellular organisms;d_Eukaryota;-_Opisthokonta;k_Fungi;-_Dikarya;p_Ascomycota;-_saccharomyceta;-_Pezizomycotina;-_leotiomyceta;c_Eurotiomycetes;-_Eurotiomycetidae;o_Eurotiales;f_Aspergillaceae;g_Aspergillus;-_Aspergillus subgen. Circumdati;s_Aspergillus terreus
NODE_258_length_3854_cov_3.080225	510516	strain	Aspergillus oryzae RIB40	2	2	1	0.500	Fungi;Ascomycota;Aspergillaceae	-_cellular organisms;d_Eukaryota;-_Opisthokonta;k_Fungi;-_Dikarya;p_Ascomycota;-_saccharomyceta;-_Pezizomycotina;-_leotiomyceta;c_Eurotiomycetes;-_Eurotiomycetidae;o_Eurotiales;f_Aspergillaceae;g_Aspergillus;-_Aspergillus subgen. Circumdati;s_Aspergillus oryzae;-_Aspergillus oryzae RIB40
NODE_261_length_3822_cov_2.852774	2759	superkingdom	Eukaryota	3	3	3	1.000	uc_Eukaryota;uc_Eukaryota;uc_Eukaryota	-_cellular organisms;d_Eukaryota
NODE_278_length_3618_cov_2.479519	2759	superkingdom	Eukaryota	1	1	1	1.000	uc_Eukaryota;uc_Eukaryota;uc_Eukaryota	-_cellular organisms;d_Eukaryota
NODE_284_length_3593_cov_1.822851	69781	species	Penicillium oxalicum	1	1	1	1.000	Fungi;Ascomycota;Aspergillaceae	-_cellular organisms;d_Eukaryota;-_Opisthokonta;k_Fungi;-_Dikarya;p_Ascomycota;-_saccharomyceta;-_Pezizomycotina;-_leotiomyceta;c_Eurotiomycetes;-_Eurotiomycetidae;o_Eurotiales;f_Aspergillaceae;g_Penicillium;s_Penicillium oxalicum
NODE_285_length_3588_cov_2.795146	2587412	species	Podospora anserina	1	1	1	1.000	Fungi;Ascomycota;Podosporaceae	-_cellular organisms;d_Eukaryota;-_Opisthokonta;k_Fungi;-_Dikarya;p_Ascomycota;-_saccharomyceta;-_Pezizomycotina;-_leotiomyceta;-_sordariomyceta;c_Sordariomycetes;-_Sordariomycetidae;o_Sordariales;f_Podosporaceae;g_Podospora;s_Podospora anserina
NODE_303_length_3462_cov_2.472264	451864	subkingdom	Dikarya	1	1	1	1.000	Fungi;uc_Dikarya;uc_Dikarya	-_cellular organisms;d_Eukaryota;-_Opisthokonta;k_Fungi;-_Dikarya
NODE_432_length_2872_cov_3.096903	2759	superkingdom	Eukaryota	1	1	1	1.000	uc_Eukaryota;uc_Eukaryota;uc_Eukaryota	-_cellular organisms;d_Eukaryota
NODE_453_length_2771_cov_1.639939	4890	phylum	Ascomycota	1	1	1	1.000	Fungi;Ascomycota;uc_Ascomycota	-_cellular organisms;d_Eukaryota;-_Opisthokonta;k_Fungi;-_Dikarya;p_Ascomycota
NODE_466_length_2736_cov_722.198160	308872	subspecies	Phalaenopsis aphrodite subsp. formosana	1	1	1	1.000	Viridiplantae;Streptophyta;Orchidaceae	-_cellular organisms;d_Eukaryota;k_Viridiplantae;p_Streptophyta;-_Streptophytina;-_Embryophyta;-_Tracheophyta;-_Euphyllophyta;-_Spermatophyta;c_Magnoliopsida;-_Mesangiospermae;-_Liliopsida;-_Petrosaviidae;o_Asparagales;f_Orchidaceae;-_Epidendroideae;-_Vandeae;-_Aeridinae;g_Phalaenopsis;s_Phalaenopsis aphrodite;-_Phalaenopsis aphrodite subsp. formosana
NODE_477_length_2704_cov_2.410555	573841	species	Sordaria araneosa	2	2	2	1.000	Fungi;Ascomycota;Sordariaceae	-_cellular organisms;d_Eukaryota;-_Opisthokonta;k_Fungi;-_Dikarya;p_Ascomycota;-_saccharomyceta;-_Pezizomycotina;-_leotiomyceta;-_sordariomyceta;c_Sordariomycetes;-_Sordariomycetidae;o_Sordariales;f_Sordariaceae;g_Sordaria;s_Sordaria araneosa
NODE_483_length_2695_cov_2.357477	367110	strain	Neurospora crassa OR74A	1	1	1	1.000	Fungi;Ascomycota;Sordariaceae	-_cellular organisms;d_Eukaryota;-_Opisthokonta;k_Fungi;-_Dikarya;p_Ascomycota;-_saccharomyceta;-_Pezizomycotina;-_leotiomyceta;-_sordariomyceta;c_Sordariomycetes;-_Sordariomycetidae;o_Sordariales;f_Sordariaceae;g_Neurospora;s_Neurospora crassa;-_Neurospora crassa OR74A
NODE_489_length_2674_cov_2.388300	32524	clade	Amniota	1	1	1	1.000	Metazoa;Chordata;unknown	-_cellular organisms;d_Eukaryota;-_Opisthokonta;k_Metazoa;-_Eumetazoa;-_Bilateria;-_Deuterostomia;p_Chordata;-_Craniata;-_Vertebrata;-_Gnathostomata;-_Teleostomi;-_Euteleostomi;-_Sarcopterygii;-_Dipnotetrapodomorpha;-_Tetrapoda;-_Amniota
NODE_493_length_2662_cov_2.500986	2587412	species	Podospora anserina	1	1	1	1.000	Fungi;Ascomycota;Podosporaceae	-_cellular organisms;d_Eukaryota;-_Opisthokonta;k_Fungi;-_Dikarya;p_Ascomycota;-_saccharomyceta;-_Pezizomycotina;-_leotiomyceta;-_sordariomyceta;c_Sordariomycetes;-_Sordariomycetidae;o_Sordariales;f_Podosporaceae;g_Podospora;s_Podospora anserina
NODE_507_length_2588_cov_2.217798	41251	species	Strobilurus tenacellus	1	1	1	1.000	Fungi;Basidiomycota;Physalacriaceae	-_cellular organisms;d_Eukaryota;-_Opisthokonta;k_Fungi;-_Dikarya;p_Basidiomycota;-_Agaricomycotina;c_Agaricomycetes;-_Agaricomycetidae;o_Agaricales;f_Physalacriaceae;g_Strobilurus;s_Strobilurus tenacellus
NODE_525_length_2549_cov_2.126342	2587412	species	Podospora anserina	1	1	1	1.000	Fungi;Ascomycota;Podosporaceae	-_cellular organisms;d_Eukaryota;-_Opisthokonta;k_Fungi;-_Dikarya;p_Ascomycota;-_saccharomyceta;-_Pezizomycotina;-_leotiomyceta;-_sordariomyceta;c_Sordariomycetes;-_Sordariomycetidae;o_Sordariales;f_Podosporaceae;g_Podospora;s_Podospora anserina
NODE_530_length_2539_cov_2.095771	1	no rank	root	1	1	1	1.000	unknown;unknown;unknown	-_root
NODE_1003_length_1613_cov_2.216016	559292	strain	Saccharomyces cerevisiae S288C	1	1	1	1.000	Fungi;Ascomycota;Saccharomycetaceae	-_cellular organisms;d_Eukaryota;-_Opisthokonta;k_Fungi;-_Dikarya;p_Ascomycota;-_saccharomyceta;-_Saccharomycotina;c_Saccharomycetes;o_Saccharomycetales;f_Saccharomycetaceae;g_Saccharomyces;s_Saccharomyces cerevisiae;-_Saccharomyces cerevisiae S288C
NODE_1015_length_1603_cov_2.301491	0	no rank	unclassified	1	0	0	0.000		
NODE_1056_length_1543_cov_2.509887	2720871	subgenus	Aspergillus subgen. Circumdati	3	3	2	0.960	Fungi;Ascomycota;Aspergillaceae	-_cellular organisms;d_Eukaryota;-_Opisthokonta;k_Fungi;-_Dikarya;p_Ascomycota;-_saccharomyceta;-_Pezizomycotina;-_leotiomyceta;c_Eurotiomycetes;-_Eurotiomycetidae;o_Eurotiales;f_Aspergillaceae;g_Aspergillus;-_Aspergillus subgen. Circumdati
NODE_1162_length_1426_cov_3.670516	1437010	clade	Boreoeutheria	1	1	1	1.000	Metazoa;Chordata;unknown	-_cellular organisms;d_Eukaryota;-_Opisthokonta;k_Metazoa;-_Eumetazoa;-_Bilateria;-_Deuterostomia;p_Chordata;-_Craniata;-_Vertebrata;-_Gnathostomata;-_Teleostomi;-_Euteleostomi;-_Sarcopterygii;-_Dipnotetrapodomorpha;-_Tetrapoda;-_Amniota;c_Mammalia;-_Theria;-_Eutheria;-_Boreoeutheria
NODE_1193_length_1389_cov_1.828843	2759	superkingdom	Eukaryota	2	2	1	0.970	uc_Eukaryota;uc_Eukaryota;uc_Eukaryota	-_cellular organisms;d_Eukaryota
NODE_1250_length_1328_cov_2.283097	510516	strain	Aspergillus oryzae RIB40	2	2	2	1.000	Fungi;Ascomycota;Aspergillaceae	-_cellular organisms;d_Eukaryota;-_Opisthokonta;k_Fungi;-_Dikarya;p_Ascomycota;-_saccharomyceta;-_Pezizomycotina;-_leotiomyceta;c_Eurotiomycetes;-_Eurotiomycetidae;o_Eurotiales;f_Aspergillaceae;g_Aspergillus;-_Aspergillus subgen. Circumdati;s_Aspergillus oryzae;-_Aspergillus oryzae RIB40
NODE_1263_length_1315_cov_2.276094	284812	strain	Schizosaccharomyces pombe 972h-	1	1	1	1.000	Fungi;Ascomycota;Schizosaccharomycetaceae	-_cellular organisms;d_Eukaryota;-_Opisthokonta;k_Fungi;-_Dikarya;p_Ascomycota;-_Taphrinomycotina;c_Schizosaccharomycetes;o_Schizosaccharomycetales;f_Schizosaccharomycetaceae;g_Schizosaccharomyces;s_Schizosaccharomyces pombe;-_Schizosaccharomyces pombe 972h-
NODE_1292_length_1289_cov_2.185026	716546	clade	leotiomyceta	1	1	1	1.000	Fungi;Ascomycota;unknown	-_cellular organisms;d_Eukaryota;-_Opisthokonta;k_Fungi;-_Dikarya;p_Ascomycota;-_saccharomyceta;-_Pezizomycotina;-_leotiomyceta
NODE_1338_length_1248_cov_2.773417	4892	order	Saccharomycetales	1	1	1	1.000	Fungi;Ascomycota;uc_Saccharomycetales	-_cellular organisms;d_Eukaryota;-_Opisthokonta;k_Fungi;-_Dikarya;p_Ascomycota;-_saccharomyceta;-_Saccharomycotina;c_Saccharomycetes;o_Saccharomycetales
NODE_1343_length_1238_cov_2.062106	0	no rank	unclassified	1	0	0	0.000		
NODE_4207_length_414_cov_1.794425	2759	superkingdom	Eukaryota	1	1	1	1.000	uc_Eukaryota;uc_Eukaryota;uc_Eukaryota	-_cellular organisms;d_Eukaryota
NODE_4227_length_412_cov_0.315789	2	superkingdom	Bacteria	1	1	1	1.000	uc_Bacteria;uc_Bacteria;uc_Bacteria	-_cellular organisms;d_Bacteria
NODE_4240_length_411_cov_0.338028	186817	family	Bacillaceae	1	1	1	1.000	unknown;Firmicutes;Bacillaceae	-_cellular organisms;d_Bacteria;-_Terrabacteria group;p_Firmicutes;c_Bacilli;o_Bacillales;f_Bacillaceae
NODE_4242_length_411_cov_0.204225	2	superkingdom	Bacteria	1	1	1	1.000	uc_Bacteria;uc_Bacteria;uc_Bacteria	-_cellular organisms;d_Bacteria
NODE_4254_length_410_cov_0.795053	330879	strain	Aspergillus fumigatus Af293	1	1	1	1.000	Fungi;Ascomycota;Aspergillaceae	-_cellular organisms;d_Eukaryota;-_Opisthokonta;k_Fungi;-_Dikarya;p_Ascomycota;-_saccharomyceta;-_Pezizomycotina;-_leotiomyceta;c_Eurotiomycetes;-_Eurotiomycetidae;o_Eurotiales;f_Aspergillaceae;g_Aspergillus;-_Aspergillus subgen. Fumigati;s_Aspergillus fumigatus;-_Aspergillus fumigatus Af293
NODE_4267_length_409_cov_0.368794	816	genus	Bacteroides	2	2	1	0.500	unknown;Bacteroidetes;Bacteroidaceae	-_cellular organisms;d_Bacteria;-_FCB group;-_Bacteroidetes/Chlorobi group;p_Bacteroidetes;c_Bacteroidia;o_Bacteroidales;f_Bacteroidaceae;g_Bacteroides
NODE_4268_length_409_cov_0.351064	559292	strain	Saccharomyces cerevisiae S288C	1	1	1	1.000	Fungi;Ascomycota;Saccharomycetaceae	-_cellular organisms;d_Eukaryota;-_Opisthokonta;k_Fungi;-_Dikarya;p_Ascomycota;-_saccharomyceta;-_Saccharomycotina;c_Saccharomycetes;o_Saccharomycetales;f_Saccharomycetaceae;g_Saccharomyces;s_Saccharomyces cerevisiae;-_Saccharomyces cerevisiae S288C
NODE_4293_length_407_cov_0.639286	543	family	Enterobacteriaceae	1	1	1	1.000	unknown;Proteobacteria;Enterobacteriaceae	-_cellular organisms;d_Bacteria;p_Proteobacteria;c_Gammaproteobacteria;o_Enterobacterales;f_Enterobacteriaceae
